<ApplicationDashboard>
  <Application>
    <Name>ABC_RichClient</Name>
    <AppUrl>http://google.com</AppUrl>
    <Status>True</Status>
    <AvailabilityUptimePercent>99.37</AvailabilityUptimePercent>
    <ResponseTimeMs>63</ResponseTimeMs>
    <LatencyMs>56</LatencyMs>
    <ThroughputRPS>165</ThroughputRPS>
    <DatabaseQueryLatencyMs>46</DatabaseQueryLatencyMs>
    <ErrorRatePercent>0.66</ErrorRatePercent>
    <LoadBalancerRequestCount>5797</LoadBalancerRequestCount>
  </Application>
  <Application>
    <Name>ABC_AWC</Name>
    <AppUrl>http://come.com</AppUrl>
    <Status>True</Status>
    <AvailabilityUptimePercent>99.15</AvailabilityUptimePercent>
    <ResponseTimeMs>58</ResponseTimeMs>
    <LatencyMs>42</LatencyMs>
    <ThroughputRPS>112</ThroughputRPS>
    <DatabaseQueryLatencyMs>42</DatabaseQueryLatencyMs>
    <ErrorRatePercent>0.68</ErrorRatePercent>
    <LoadBalancerRequestCount>4064</LoadBalancerRequestCount>
  </Application>
  <Application>
    <Name>ABC_GS_05</Name>
    <AppUrl>https://hello.com</AppUrl>
    <Status>True</Status>
    <AvailabilityUptimePercent>99.44</AvailabilityUptimePercent>
    <ResponseTimeMs>43</ResponseTimeMs>
    <LatencyMs>40</LatencyMs>
    <ThroughputRPS>154</ThroughputRPS>
    <DatabaseQueryLatencyMs>34</DatabaseQueryLatencyMs>
    <ErrorRatePercent>0.04</ErrorRatePercent>
    <LoadBalancerRequestCount>7126</LoadBalancerRequestCount>
  </Application>
  <Application>
    <Name>ABC_BGS_05</Name>
    <AppUrl>https://yahoo.com</AppUrl>
    <Status>False</Status>
    <AvailabilityUptimePercent>NULL</AvailabilityUptimePercent>
    <ResponseTimeMs>NULL</ResponseTimeMs>
    <LatencyMs>NULL</LatencyMs>
    <ThroughputRPS>NULL</ThroughputRPS>
    <DatabaseQueryLatencyMs>NULL</DatabaseQueryLatencyMs>
    <ErrorRatePercent>NULL</ErrorRatePercent>
    <LoadBalancerRequestCount>NULL</LoadBalancerRequestCount>
  </Application>
  <Application>
    <Name>ABC_GS_15</Name>
    <AppUrl>https://rama.com</AppUrl>
    <Status>True</Status>
    <AvailabilityUptimePercent>99.23</AvailabilityUptimePercent>
    <ResponseTimeMs>48</ResponseTimeMs>
    <LatencyMs>87</LatencyMs>
    <ThroughputRPS>100</ThroughputRPS>
    <DatabaseQueryLatencyMs>21</DatabaseQueryLatencyMs>
    <ErrorRatePercent>0.42</ErrorRatePercent>
    <LoadBalancerRequestCount>7722</LoadBalancerRequestCount>
  </Application>
  <Application>
    <Name>ABC_BGS_15</Name>
    <AppUrl>https://magic.com</AppUrl>
    <Status>True</Status>
    <AvailabilityUptimePercent>99.55</AvailabilityUptimePercent>
    <ResponseTimeMs>92</ResponseTimeMs>
    <LatencyMs>99</LatencyMs>
    <ThroughputRPS>90</ThroughputRPS>
    <DatabaseQueryLatencyMs>42</DatabaseQueryLatencyMs>
    <ErrorRatePercent>0.73</ErrorRatePercent>
    <LoadBalancerRequestCount>1799</LoadBalancerRequestCount>
  </Application>
  <Application>
    <Name>DEF_AWC</Name>
    <AppUrl>http://sabka.com</AppUrl>
    <Status>False</Status>
    <AvailabilityUptimePercent>NULL</AvailabilityUptimePercent>
    <ResponseTimeMs>NULL</ResponseTimeMs>
    <LatencyMs>NULL</LatencyMs>
    <ThroughputRPS>NULL</ThroughputRPS>
    <DatabaseQueryLatencyMs>NULL</DatabaseQueryLatencyMs>
    <ErrorRatePercent>NULL</ErrorRatePercent>
    <LoadBalancerRequestCount>NULL</LoadBalancerRequestCount>
  </Application>
  <Application>
    <Name>XYZ_RichClient</Name>
    <AppUrl>http://Very23.com:8080</AppUrl>
    <Status>True</Status>
    <AvailabilityUptimePercent>99.33</AvailabilityUptimePercent>
    <ResponseTimeMs>78</ResponseTimeMs>
    <LatencyMs>87</LatencyMs>
    <ThroughputRPS>137</ThroughputRPS>
    <DatabaseQueryLatencyMs>32</DatabaseQueryLatencyMs>
    <ErrorRatePercent>0.04</ErrorRatePercent>
    <LoadBalancerRequestCount>5000</LoadBalancerRequestCount>
  </Application>
  <Application>
    <Name>XYZ_AWC</Name>
    <AppUrl>http://Very23.com:3000</AppUrl>
    <Status>True</Status>
    <AvailabilityUptimePercent>99.86</AvailabilityUptimePercent>
    <ResponseTimeMs>48</ResponseTimeMs>
    <LatencyMs>94</LatencyMs>
    <ThroughputRPS>50</ThroughputRPS>
    <DatabaseQueryLatencyMs>32</DatabaseQueryLatencyMs>
    <ErrorRatePercent>0.27</ErrorRatePercent>
    <LoadBalancerRequestCount>1089</LoadBalancerRequestCount>
  </Application>
  <Application>
    <Name>XYZ_POOL_GS_21</Name>
    <AppUrl>https://Very21.com</AppUrl>
    <Status>False</Status>
    <AvailabilityUptimePercent>NULL</AvailabilityUptimePercent>
    <ResponseTimeMs>NULL</ResponseTimeMs>
    <LatencyMs>NULL</LatencyMs>
    <ThroughputRPS>NULL</ThroughputRPS>
    <DatabaseQueryLatencyMs>NULL</DatabaseQueryLatencyMs>
    <ErrorRatePercent>NULL</ErrorRatePercent>
    <LoadBalancerRequestCount>NULL</LoadBalancerRequestCount>
  </Application>
  <Application>
    <Name>XYZ_POOL_GS_22</Name>
    <AppUrl>https://Very22.com</AppUrl>
    <Status>True</Status>
    <AvailabilityUptimePercent>99.49</AvailabilityUptimePercent>
    <ResponseTimeMs>61</ResponseTimeMs>
    <LatencyMs>67</LatencyMs>
    <ThroughputRPS>194</ThroughputRPS>
    <DatabaseQueryLatencyMs>26</DatabaseQueryLatencyMs>
    <ErrorRatePercent>0.14</ErrorRatePercent>
    <LoadBalancerRequestCount>2328</LoadBalancerRequestCount>
  </Application>
  <Application>
    <Name>XYZ_POOL_GS_28</Name>
    <AppUrl>https://Very28.com</AppUrl>
    <Status>True</Status>
    <AvailabilityUptimePercent>99.28</AvailabilityUptimePercent>
    <ResponseTimeMs>75</ResponseTimeMs>
    <LatencyMs>44</LatencyMs>
    <ThroughputRPS>140</ThroughputRPS>
    <DatabaseQueryLatencyMs>40</DatabaseQueryLatencyMs>
    <ErrorRatePercent>0.81</ErrorRatePercent>
    <LoadBalancerRequestCount>2856</LoadBalancerRequestCount>
  </Application>
  <Application>
    <Name>XYZ_EPIMS_GS_07</Name>
    <AppUrl>https://Very07.com11321</AppUrl>
    <Status>False</Status>
    <AvailabilityUptimePercent>NULL</AvailabilityUptimePercent>
    <ResponseTimeMs>NULL</ResponseTimeMs>
    <LatencyMs>NULL</LatencyMs>
    <ThroughputRPS>NULL</ThroughputRPS>
    <DatabaseQueryLatencyMs>NULL</DatabaseQueryLatencyMs>
    <ErrorRatePercent>NULL</ErrorRatePercent>
    <LoadBalancerRequestCount>NULL</LoadBalancerRequestCount>
  </Application>
  <Application>
    <Name>XYZ_EPIMS_BGS_07</Name>
    <AppUrl>https://Very07.com11320</AppUrl>
    <Status>False</Status>
    <AvailabilityUptimePercent>NULL</AvailabilityUptimePercent>
    <ResponseTimeMs>NULL</ResponseTimeMs>
    <LatencyMs>NULL</LatencyMs>
    <ThroughputRPS>NULL</ThroughputRPS>
    <DatabaseQueryLatencyMs>NULL</DatabaseQueryLatencyMs>
    <ErrorRatePercent>NULL</ErrorRatePercent>
    <LoadBalancerRequestCount>NULL</LoadBalancerRequestCount>
  </Application>
  <Application>
    <Name>XYZ_BGS_23</Name>
    <AppUrl>https://Very23.com11320</AppUrl>
    <Status>True</Status>
    <AvailabilityUptimePercent>99.42</AvailabilityUptimePercent>
    <ResponseTimeMs>52</ResponseTimeMs>
    <LatencyMs>89</LatencyMs>
    <ThroughputRPS>142</ThroughputRPS>
    <DatabaseQueryLatencyMs>13</DatabaseQueryLatencyMs>
    <ErrorRatePercent>0.81</ErrorRatePercent>
    <LoadBalancerRequestCount>7131</LoadBalancerRequestCount>
  </Application>
  <Application>
    <Name>XYZ_DISP_GS_06</Name>
    <AppUrl>https://Very06.com11321</AppUrl>
    <Status>False</Status>
    <AvailabilityUptimePercent>NULL</AvailabilityUptimePercent>
    <ResponseTimeMs>NULL</ResponseTimeMs>
    <LatencyMs>NULL</LatencyMs>
    <ThroughputRPS>NULL</ThroughputRPS>
    <DatabaseQueryLatencyMs>NULL</DatabaseQueryLatencyMs>
    <ErrorRatePercent>NULL</ErrorRatePercent>
    <LoadBalancerRequestCount>NULL</LoadBalancerRequestCount>
  </Application>
</ApplicationDashboard>