<ServiceComponent>
<Server IP="11.22.33.44" Hostname="Server 2">
<service name="Active Workspace Indexing Service">
<associated_component name="Solr Indexing" status="Stopped" url="http://server1url.com/" actual_service_name="Active Workspace Indexing Service" logFile="http://server1logfile.com/"/>
<associated_component name="Process Manager" status="Running" url="http://server1url.com/" actual_service_name="Teamcenter Process Manager TC124" logFile="http://server1logfile.com/"/>
</service>
<service name="Teamcenter FSC Service FSC_UK_DEV06">
<associated_component name="FMS Master" status="Running" url="http://server1url.com/" actual_service_name="Teamcenter FSC Service Server 1" logfile="http://server1logfile.com/"/>
</service>
<service name="Teamcenter Server Manager k_config PoolA">
<associated_component name="Comp3" status="Running" url="http://server1url.com/" actual_service_name="Teamcenter Server Manager k_config_PoolA" logFile="http://server1logfile.com/"/>
</service>
</Server>
<Server IP="11.22.33.45" Hostname="Server 1">
<service name="Teamcenter Server Manager UK DEV06_PoolB">
<associated_component name="Comp1" status="Found" url="" actual_service_name="Component1" logFile="url"/>
<associated_component name="Comp2" status="Found" url="" actual_service_name="Component1" logfile="url"/> 
</service>
</Server>
</ServiceComponent>
