<ServiceMetrics GeneratedOn="2025-11-21T11:57:43">
  <Server IP="11.12.13.14" Hostname="Server1">
    <Service name="Teamcenter Server Manager UK_DEV06_PoolB" status="UP" lastchecked="2025-11-21T11:57:43" responsetime="3" availability="99.9%" errorrate="0%" restartcount="0" />
    <Service name="Teamcenter Dev Management Console" status="DOWN" lastchecked="2025-11-21T11:57:43" responsetime="1.99" availability="99.9%" errorrate="0%" restartcount="0" />
    <Service name="Teamcenter FSC Service FSC_02_DEV06" status="UP" lastchecked="2025-11-21T11:57:43" responsetime="2.99" availability="99.9%" errorrate="0%" restartcount="0" />
    <Service name="Tomcat_Dev" status="UP" lastchecked="2025-11-21T11:57:43" responsetime="2" availability="99.9%" errorrate="0%" restartcount="0" />
  </Server>
  <Server IP="11.12.13.15" Hostname="Server2">
    <Service name="Teamcenter Server Manager UK_DEV06_PoolA" status="UP" lastchecked="2025-11-21T11:57:43" responsetime="1" availability="99.9%" errorrate="0%" restartcount="0" />
    <Service name="Teamcenter Dev Management Console-" status="DOWN" lastchecked="2025-11-21T11:57:43" responsetime="-" availability="99.9%" errorrate="0%" restartcount="0" />
    <Service name="Teamcenter FSC Service FSC_UK_DEV06" status="UP" lastchecked="2025-11-21T11:57:43" responsetime="1.01" availability="99.9%" errorrate="0%" restartcount="0" />
    <Service name="Teamcenter Process Manager" status="UP" lastchecked="2025-11-21T11:57:43" responsetime="0" availability="99.9%" errorrate="0%" restartcount="0" />
    <Service name="Active Workspace Indexing Service" status="UP" lastchecked="2025-11-21T11:57:43" responsetime="1" availability="99.9%" errorrate="0%" restartcount="0" />
  </Server>
</ServiceMetrics>