<ServerMetrics>
<Server IP="10.22.46.38" Status="Up" Hostname="Server7">
<CPU>93.5%</CPU>
<RAM>82.90%</RAM>
<Disks>
<Disk Drive="C: ">75.18%</Disk>
<Disk Drive="D: ">80.13%</Disk>
</Disks>
<Network_Latency>0.001 sec</Network_Latency>
<Last_Boot_Time>Last Boot: 09/11/2025 10:06:31</Last_Boot_Time>
<LatestEvent Time="09/25/2025 10:32:56 09/25/2025 10:32:51 09/25/2025 10:32:09" ID="7136 7136 7136" Level="Information Information Information">A A A</LatestEvent> </Server>
<Server IP="11.22.33.47" Status="Up" Hostname="Server9">
<CPU>89.45%</CPU>
<RAM>90.96%</RAM>
<Disks>
<Disk Drive="C: ">90.09%</Disk>
<Disk Drive="D: ">77.18%</Disk>
</Disks>
<Network_Latency>0 sec</Network_Latency>
<Last_Boot_Time>Last Boot: 09/11/2025 11:06:45</Last_Boot_Time>
<LatestEvent Time="09/25/2025 10:51:09 09/25/2025 10:44:43 09/25/2025 10:42:12" ID="41970 7136 7136" Level="Information Information Information">Str Str Str</LatestEvent> 
</Server>
</ServerMetrics>