<ServerMetrics>
  <Server IP="11.22.33.44" Status="Up" Hostname="Server19">
    <CPU>89.625%</CPU>
    <RAM>39.85%</RAM>
    <Disks>
      <Disk Drive="C:">48.38%</Disk>
      <Disk Drive="D:">86.76%</Disk>
    </Disks>
    <Network_Latency>0.001 sec</Network_Latency>
    <Last_Boot_Time>Last Boot: 10/16/2025 10:20:51</Last_Boot_Time>
    <LatestEvents>
      <Event Time="11/10/2025 08:26:52" ID="7036" Level="Information">The Windows Modules Installer service entered the stopped state.</Event>
      <Event Time="11/10/2025 08:24:49" ID="7036" Level="Information">The Windows Modules Installer service entered the running state.</Event>
      <Event Time="11/10/2025 08:20:14" ID="6038" Level="Warning">Microsoft Windows Server has detected that NTLM authentication is presently being used between clients and this server. This event occurs once per boot of the server on the first time a client uses NT</Event>
    </LatestEvents>
    <TopMemoryProcesses>
      <Process Name="notepad.exe" MemoryGB="2.58" Owner="Unknown" />
      <Process Name="ProcessManagerService.exe" MemoryGB="1.07" Owner="PTAM\svc-OFETCPLMDEVSA" />
      <Process Name="notepad.exe" MemoryGB="0.87" Owner="PTAM\svc-OFETCPLMDEVSA" />
    </TopMemoryProcesses>
  </Server>
</ServerMetrics>