<ServerMetrics>
  <Server IP="11.22.33.44" Status="Up" Hostname="Server1">
    <CPU>9.625%</CPU>
    <RAM>39.85%</RAM>
    <Disks>
      <Disk Drive="C:">48.38%</Disk>
      <Disk Drive="D:">76.76%</Disk>
    </Disks>
    <Network_Latency>0.001 sec</Network_Latency>
    <Last_Boot_Time>Last Boot: 10/16/2025 10:20:51</Last_Boot_Time>
    <LatestEvents>
      <Event Time="11/10/2025 08:26:52" ID="7036" Level="Information">The Windows Modules Installer service entered the stopped state.</Event>
      <Event Time="11/10/2025 08:24:49" ID="7036" Level="Information">The Windows Modules Installer service entered the running state.</Event>
      <Event Time="11/10/2025 08:20:14" ID="6038" Level="Warning">Microsoft Windows Server has detected that NTLM authentication is presently being used between clients and this server. This event occurs once per boot of the server on the first time a client uses NT</Event>
    </LatestEvents>
    <TopMemoryProcesses>
      <Process Name="oracle.exe" MemoryGB="2.58" Owner="Unknown" />
      <Process Name="ProcessManagerService.exe" MemoryGB="1.07" Owner="PTAM\svc-OFETCPLMDEVSA" />
      <Process Name="java.exe" MemoryGB="0.87" Owner="PTAM\svc-OFETCPLMDEVSA" />
    </TopMemoryProcesses>
  </Server>
  <Server IP="11.22.33.45" Status="Up" Hostname="Server2">
    <CPU>7.5%</CPU>
    <RAM>22.02%</RAM>
    <Disks>
      <Disk Drive="C:">54.68%</Disk>
      <Disk Drive="D:">89.01%</Disk>
    </Disks>
    <Network_Latency>0.001 sec</Network_Latency>
    <Last_Boot_Time>Last Boot: 10/16/2025 10:50:25</Last_Boot_Time>
    <LatestEvents>
      <Event Time="11/10/2025 09:06:55" ID="7036" Level="Information">The Windows Modules Installer service entered the stopped state.</Event>
      <Event Time="11/10/2025 09:05:26" ID="7036" Level="Information">The Software Protection service entered the stopped state.</Event>
      <Event Time="11/10/2025 09:04:55" ID="7036" Level="Information">The Software Protection service entered the running state.</Event>
    </LatestEvents>
    <TopMemoryProcesses>
      <Process Name="MsMpEng.exe" MemoryGB="0.53" Owner="NT AUTHORITY\SYSTEM" />
      <Process Name="notepad++.exe" MemoryGB="0.45" Owner="PTAM\admin105067081" />
      <Process Name="svchost.exe" MemoryGB="0.25" Owner="NT AUTHORITY\SYSTEM" />
    </TopMemoryProcesses>
  </Server>
  <Server IP="10.87.136.14" Status="Up" Hostname="Server3">
    <CPU>90%</CPU>
    <RAM>33.81%</RAM>
    <Disks>
      <Disk Drive="C:">54.07%</Disk>
      <Disk Drive="D:">57%</Disk>
    </Disks>
    <Network_Latency>0 sec</Network_Latency>
    <Last_Boot_Time>Last Boot: 10/16/2025 11:37:31</Last_Boot_Time>
    <LatestEvents>
      <Event Time="11/10/2025 08:56:24" ID="7036" Level="Information">The Software Protection service entered the stopped state.</Event>
      <Event Time="11/10/2025 08:55:32" ID="7036" Level="Information">The Software Protection service entered the running state.</Event>
      <Event Time="11/10/2025 08:47:26" ID="7036" Level="Information">The Windows Modules Installer service entered the stopped state.</Event>
    </LatestEvents>
    <TopMemoryProcesses>
      <Process Name="MsMpEng.exe" MemoryGB="0.51" Owner="NT AUTHORITY\SYSTEM" />
      <Process Name="svchost.exe" MemoryGB="0.5" Owner="NT AUTHORITY\SYSTEM" />
      <Process Name="TcFSCService.exe" MemoryGB="0.32" Owner="PTAM\svc-OFETCPLMDEVSA" />
    </TopMemoryProcesses>
  </Server>
  <Server IP="10.87.136.24" Status="Up" Hostname="Server4">
    <CPU>1.25%</CPU>
    <RAM>87.86%</RAM>
    <Disks>
      <Disk Drive="C:">89.39%</Disk>
      <Disk Drive="D:">75.69%</Disk>
    </Disks>
    <Network_Latency>0 sec</Network_Latency>
    <Last_Boot_Time>Last Boot: 10/16/2025 11:48:38</Last_Boot_Time>
    <LatestEvents>
      <Event Time="11/10/2025 09:02:14" ID="7036" Level="Information">The Application Experience service entered the stopped state.</Event>
      <Event Time="11/10/2025 08:52:08" ID="7036" Level="Information">The Windows Modules Installer service entered the stopped state.</Event>
      <Event Time="11/10/2025 08:51:21" ID="7036" Level="Information">The Software Protection service entered the stopped state.</Event>
    </LatestEvents>
    <TopMemoryProcesses>
      <Process Name="javaw.exe" MemoryGB="0.68" Owner="PTAM\adminmodegan" />
      <Process Name="MsMpEng.exe" MemoryGB="0.59" Owner="NT AUTHORITY\SYSTEM" />
      <Process Name="TcFSCService.exe" MemoryGB="0.33" Owner="NT AUTHORITY\SYSTEM" />
    </TopMemoryProcesses>
  </Server>
  <Server IP="10.22.46.37" Status="Up" Hostname="Server5">
    <CPU>81.5%</CPU>
    <RAM>20.35%</RAM>
    <Disks>
      <Disk Drive="C:">45.32%</Disk>
      <Disk Drive="D:">31.89%</Disk>
    </Disks>
    <Network_Latency>0.001 sec</Network_Latency>
    <Last_Boot_Time>Last Boot: 10/16/2025 10:48:59</Last_Boot_Time>
    <LatestEvents>
      <Event Time="11/10/2025 09:06:49" ID="7040" Level="Information">The start type of the Background Intelligent Transfer Service service was changed from auto start to demand start.</Event>
      <Event Time="11/10/2025 08:48:05" ID="7036" Level="Information">The Windows Modules Installer service entered the stopped state.</Event>
      <Event Time="11/10/2025 08:46:04" ID="7036" Level="Information">The Windows Modules Installer service entered the running state.</Event>
    </LatestEvents>
    <TopMemoryProcesses>
      <Process Name="MsMpEng.exe" MemoryGB="0.51" Owner="NT AUTHORITY\SYSTEM" />
      <Process Name="svchost.exe" MemoryGB="0.48" Owner="NT AUTHORITY\SYSTEM" />
      <Process Name="tpapps.exe" MemoryGB="0.32" Owner="PTAM\ORACLE" />
    </TopMemoryProcesses>
  </Server>
  <Server IP="10.22.46.38" Status="Up" Hostname="Server7">
    <CPU>95%</CPU>
    <RAM>22.01%</RAM>
    <Disks>
      <Disk Drive="C:">54.68%</Disk>
      <Disk Drive="D:">89.01%</Disk>
    </Disks>
    <Network_Latency>0.002 sec</Network_Latency>
    <Last_Boot_Time>Last Boot: 10/16/2025 10:50:25</Last_Boot_Time>
    <LatestEvents>
      <Event Time="11/10/2025 09:06:55" ID="7036" Level="Information">The Windows Modules Installer service entered the stopped state.</Event>
      <Event Time="11/10/2025 09:05:26" ID="7036" Level="Information">The Software Protection service entered the stopped state.</Event>
      <Event Time="11/10/2025 09:04:55" ID="7036" Level="Information">The Software Protection service entered the running state.</Event>
    </LatestEvents>
    <TopMemoryProcesses>
      <Process Name="MsMpEng.exe" MemoryGB="0.54" Owner="NT AUTHORITY\SYSTEM" />
      <Process Name="notepad++.exe" MemoryGB="0.45" Owner="PTAM\admin105067081" />
      <Process Name="svchost.exe" MemoryGB="0.25" Owner="NT AUTHORITY\SYSTEM" />
    </TopMemoryProcesses>
  </Server>
  <Server IP="11.22.33.46" Status="Up" Hostname="Server21">
    <CPU>91.75%</CPU>
    <RAM>91.67%</RAM>
    <Disks>
      <Disk Drive="C:">29.73%</Disk>
      <Disk Drive="D:">49.46%</Disk>
    </Disks>
    <Network_Latency>0.001 sec</Network_Latency>
    <Last_Boot_Time>Last Boot: 10/16/2025 10:50:08</Last_Boot_Time>
    <LatestEvents>
      <Event Time="11/10/2025 08:52:33" ID="7036" Level="Information">The Windows Modules Installer service entered the stopped state.</Event>
      <Event Time="11/10/2025 08:50:31" ID="7036" Level="Information">The Windows Modules Installer service entered the running state.</Event>
      <Event Time="11/10/2025 08:32:23" ID="7036" Level="Information">The Software Protection service entered the stopped state.</Event>
    </LatestEvents>
    <TopMemoryProcesses>
      <Process Name="java.exe" MemoryGB="0.73" Owner="PTAM\ORACLE" />
      <Process Name="MsMpEng.exe" MemoryGB="0.59" Owner="NT AUTHORITY\SYSTEM" />
      <Process Name="TcFSCService.exe" MemoryGB="0.34" Owner="PTAM\ORACLE" />
    </TopMemoryProcesses>
  </Server>
  <Server IP="11.22.33.47" Status="Up" Hostname="Server22">
    <CPU>2.5%</CPU>
    <RAM>85.45%</RAM>
    <Disks>
      <Disk Drive="C:">24.82%</Disk>
      <Disk Drive="D:">67.47%</Disk>
    </Disks>
    <Network_Latency>0.002 sec</Network_Latency>
    <Last_Boot_Time>Last Boot: 10/16/2025 17:05:25</Last_Boot_Time>
    <LatestEvents>
      <Event Time="11/10/2025 08:51:36" ID="7036" Level="Information">The Microsoft Policy Platform Local Authority service entered the stopped state.</Event>
      <Event Time="11/10/2025 08:51:31" ID="7036" Level="Information">The Microsoft Policy Platform Processor service entered the stopped state.</Event>
      <Event Time="11/10/2025 08:36:30" ID="7036" Level="Information">The Microsoft Policy Platform Processor service entered the running state.</Event>
    </LatestEvents>
    <TopMemoryProcesses>
      <Process Name="java.exe" MemoryGB="0.72" Owner="PTAM\ORACLE" />
      <Process Name="MsMpEng.exe" MemoryGB="0.48" Owner="NT AUTHORITY\SYSTEM" />
      <Process Name="svchost.exe" MemoryGB="0.34" Owner="NT AUTHORITY\SYSTEM" />
    </TopMemoryProcesses>
  </Server>
  <Server IP="11.22.33.48" Status="Up" Hostname="Server23">
    <CPU>2.25%</CPU>
    <RAM>17.87%</RAM>
    <Disks>
      <Disk Drive="C:">33.22%</Disk>
      <Disk Drive="D:">47.31%</Disk>
    </Disks>
    <Network_Latency>0.002 sec</Network_Latency>
    <Last_Boot_Time>Last Boot: 10/16/2025 10:49:06</Last_Boot_Time>
    <LatestEvents>
      <Event Time="11/10/2025 09:01:08" ID="7036" Level="Information">The WMI Performance Adapter service entered the stopped state.</Event>
      <Event Time="11/10/2025 09:01:06" ID="7036" Level="Information">The WMI Performance Adapter service entered the running state.</Event>
      <Event Time="11/10/2025 08:57:25" ID="40970" Level="Warning">The Security System has detected a downgrade attempt when contacting the 3-part SPN 

 LDAP/RSSCDC01.google.com/google.com@google.com 

 with error code "The Kerberos protocol encou</Event>
    </LatestEvents>
    <TopMemoryProcesses>
      <Process Name="java.exe" MemoryGB="0.89" Owner="PTAM\ORACLE" />
      <Process Name="java.exe" MemoryGB="0.84" Owner="PTAM\ORACLE" />
      <Process Name="MsMpEng.exe" MemoryGB="0.57" Owner="NT AUTHORITY\SYSTEM" />
    </TopMemoryProcesses>
  </Server>
  <Server IP="11.22.33.49" Status="Up" Hostname="Server24">
    <CPU>90.5%</CPU>
    <RAM>15.13%</RAM>
    <Disks>
      <Disk Drive="C:">39.05%</Disk>
      <Disk Drive="D:">76.41%</Disk>
    </Disks>
    <Network_Latency>0.001 sec</Network_Latency>
    <Last_Boot_Time>Last Boot: 10/16/2025 10:48:59</Last_Boot_Time>
    <LatestEvents>
      <Event Time="11/10/2025 08:52:06" ID="7036" Level="Information">The Windows Modules Installer service entered the stopped state.</Event>
      <Event Time="11/10/2025 08:50:04" ID="7036" Level="Information">The Windows Modules Installer service entered the running state.</Event>
      <Event Time="11/10/2025 08:16:05" ID="7036" Level="Information">The Software Protection service entered the stopped state.</Event>
    </LatestEvents>
    <TopMemoryProcesses>
      <Process Name="TcFSCService.exe" MemoryGB="2.96" Owner="PTAM\ORACLE" />
      <Process Name="svchost.exe" MemoryGB="0.5" Owner="NT AUTHORITY\SYSTEM" />
      <Process Name="MsMpEng.exe" MemoryGB="0.47" Owner="NT AUTHORITY\SYSTEM" />
    </TopMemoryProcesses>
  </Server>
  <Server IP="11.22.33.50" Status="Up" Hostname="Server25">
    <CPU>32%</CPU>
    <RAM>23.71%</RAM>
    <Disks>
      <Disk Drive="C:">40.69%</Disk>
      <Disk Drive="D:">65.55%</Disk>
    </Disks>
    <Network_Latency>0.001 sec</Network_Latency>
    <Last_Boot_Time>Last Boot: 10/16/2025 11:18:01</Last_Boot_Time>
    <LatestEvents>
      <Event Time="11/10/2025 09:07:33" ID="40970" Level="Warning">The Security System has detected a downgrade attempt when contacting the 3-part SPN 

 LDAP/RSSCDC01.google.com/google.com@google.com 

 with error code "The Kerberos protocol encou</Event>
      <Event Time="11/10/2025 08:52:20" ID="7036" Level="Information">The Software Protection service entered the stopped state.</Event>
      <Event Time="11/10/2025 08:51:23" ID="7036" Level="Information">The Software Protection service entered the running state.</Event>
    </LatestEvents>
    <TopMemoryProcesses>
      <Process Name="MsMpEng.exe" MemoryGB="0.55" Owner="NT AUTHORITY\SYSTEM" />
      <Process Name="svchost.exe" MemoryGB="0.31" Owner="NT AUTHORITY\SYSTEM" />
      <Process Name="MsSense.exe" MemoryGB="0.2" Owner="NT AUTHORITY\SYSTEM" />
    </TopMemoryProcesses>
  </Server>
  <Server IP="11.22.33.51" Status="Up" Hostname="Server28">
    <CPU>1%</CPU>
    <RAM>10.23%</RAM>
    <Disks>
      <Disk Drive="C:">34.36%</Disk>
      <Disk Drive="D:">33.67%</Disk>
      <Disk Drive="E:">0.06%</Disk>
    </Disks>
    <Network_Latency>0.001 sec</Network_Latency>
    <Last_Boot_Time>Last Boot: 10/16/2025 18:15:47</Last_Boot_Time>
    <LatestEvents>
      <Event Time="11/10/2025 08:53:36" ID="7036" Level="Information">The Software Protection service entered the stopped state.</Event>
      <Event Time="11/10/2025 08:52:41" ID="7036" Level="Information">The Software Protection service entered the running state.</Event>
      <Event Time="11/10/2025 08:52:28" ID="7036" Level="Information">The Microsoft Policy Platform Local Authority service entered the stopped state.</Event>
    </LatestEvents>
    <TopMemoryProcesses>
      <Process Name="MsMpEng.exe" MemoryGB="0.49" Owner="NT AUTHORITY\SYSTEM" />
      <Process Name="svchost.exe" MemoryGB="0.47" Owner="NT AUTHORITY\SYSTEM" />
      <Process Name="TcFSCService.exe" MemoryGB="0.34" Owner="PTAM\ORACLE" />
    </TopMemoryProcesses>
  </Server>
  <Server IP="11.22.33.52" Status="Up" Hostname="RSSMBHHDTCEA04">
    <CPU>2%</CPU>
    <RAM>48.47%</RAM>
    <Disks>
      <Disk Drive="C:">49.4%</Disk>
      <Disk Drive="D:">4.17%</Disk>
    </Disks>
    <Network_Latency>0 sec</Network_Latency>
    <Last_Boot_Time>Last Boot: 10/16/2025 11:38:24</Last_Boot_Time>
    <LatestEvents>
      <Event Time="11/10/2025 09:04:41" ID="7036" Level="Information">The Windows Modules Installer service entered the stopped state.</Event>
      <Event Time="11/10/2025 09:04:08" ID="40970" Level="Warning">The Security System has detected a downgrade attempt when contacting the 3-part SPN 

 ldap/RSSCDC01.google.com/google.com@google.com 

 with error code "The attempted logon is inva</Event>
      <Event Time="11/10/2025 09:04:08" ID="40970" Level="Warning">The Security System has detected a downgrade attempt when contacting the 3-part SPN 

 ldap/RSSCDC02.google.com/google.com@google.com 

 with error code "The attempted logon is inva</Event>
    </LatestEvents>
    <TopMemoryProcesses>
      <Process Name="svchost.exe" MemoryGB="0.48" Owner="NT AUTHORITY\SYSTEM" />
      <Process Name="MsMpEng.exe" MemoryGB="0.44" Owner="NT AUTHORITY\SYSTEM" />
      <Process Name="Tomcat9.exe" MemoryGB="0.27" Owner="NT AUTHORITY\LOCAL SERVICE" />
    </TopMemoryProcesses>
  </Server>
</ServerMetrics>